{
  "Recessionary pressures": {
    "volume": 87,
    "centrality": 0.9810606060606061,
    "topicality": 0.011627906976744186,
    "centrality_rank": 2,
    "topicality_rank": 3
  },
  "Inflation": {
    "volume": 96,
    "centrality": 0.9318181818181818,
    "topicality": -0.010309278350515464,
    "centrality_rank": 3,
    "topicality_rank": 6
  },
  "Private credit": {
    "volume": 71,
    "centrality": 0.8674242424242424,
    "topicality": 0.0,
    "centrality_rank": 4,
    "topicality_rank": 5
  },
  "AI": {
    "volume": 56,
    "centrality": 0.3068181818181818,
    "topicality": -0.034482758620689655,
    "centrality_rank": 7,
    "topicality_rank": 9
  },
  "Cyber attacks": {
    "volume": 62,
    "centrality": 0.2727272727272727,
    "topicality": -0.015873015873015872,
    "centrality_rank": 8,
    "topicality_rank": 7
  },
  "Commercial real estate": {
    "volume": 44,
    "centrality": 0.6515151515151515,
    "topicality": 0.023255813953488372,
    "centrality_rank": 6,
    "topicality_rank": 2
  },
  "Consumer debt": {
    "volume": 79,
    "centrality": 1.0,
    "topicality": -0.024691358024691357,
    "centrality_rank": 1,
    "topicality_rank": 8
  },
  "Bank lending and credit risk": {
    "volume": 61,
    "centrality": 0.7765151515151515,
    "topicality": 0.03389830508474576,
    "centrality_rank": 5,
    "topicality_rank": 1
  },
  "Others": {
    "volume": 124,
    "centrality": 0.0,
    "topicality": 0.008130081300813009,
    "centrality_rank": 9,
    "topicality_rank": 4
  }
}